Type,Max,Min,Result,Differences
mSQI Original,0.954502008316026,0.0101121351764452,93.3917374185623,NaN
mSQI Corregido (Arm),0.937512394239834,0.848652090929404,0.104707576002216,93.2870298425601
mSQI Corregido (Sternum),0.916715948337435,0.853279855644795,0.0743438301900412,93.3173935883723
