Type,Max,Min,Result,Diff_Original_Arm,Diff_Original_Sternum
mSQI Original,0.954502008316026,0,Inf,NaN,NaN
mSQI Corregido (Arm),0.937512394239834,0.848652090929404,0.104707576002216,Inf,NaN
mSQI Corregido (Sternum),0.916715948337435,0.853279855644795,0.0743438301900412,NaN,Inf
